0,0
5.0000000000000003e-10,0
1.0000000000000001e-09,0
1.5e-09,0
2.0000000000000001e-09,0
2.5000000000000001e-09,0
3e-09,0
3.4999999999999999e-09,0
4.0000000000000002e-09,0
4.4999999999999998e-09,0
5.0000000000000001e-09,0
5.4999999999999996e-09,0
6e-09,0
6.5000000000000003e-09,0
6.9999999999999998e-09,0
7.4999999999999993e-09,0
8.0000000000000005e-09,0
8.5e-09,0
8.9999999999999995e-09,0
9.5000000000000007e-09,0
1e-08,0
1.05e-08,0
1.0999999999999999e-08,0
1.15e-08,0
1.2e-08,0
1.2499999999999999e-08,0
1.3000000000000001e-08,0
1.35e-08,0
1.4e-08,0
1.4500000000000001e-08,0
1.4999999999999999e-08,0
1.55e-08,0
1.6000000000000001e-08,0
1.6499999999999999e-08,0
1.7e-08,0
1.7500000000000001e-08,0
1.7999999999999999e-08,0
1.85e-08,0
1.9000000000000001e-08,0
1.9499999999999999e-08,0
2e-08,0
2.0500000000000002e-08,0
2.0999999999999999e-08,0
2.1500000000000001e-08,0
2.1999999999999998e-08,0
2.25e-08,0
2.3000000000000001e-08,0
2.3499999999999999e-08,0
2.4e-08,0
2.4500000000000001e-08,0
2.4999999999999999e-08,0
2.55e-08,0
2.6000000000000001e-08,0
2.6499999999999999e-08,0
2.7e-08,0
2.7500000000000001e-08,0
2.7999999999999999e-08,0
2.85e-08,0
2.9000000000000002e-08,0
2.9499999999999999e-08,0
2.9999999999999997e-08,0
3.0500000000000002e-08,0
3.1e-08,0
3.1499999999999998e-08,0
3.2000000000000002e-08,0
3.25e-08,0
3.2999999999999998e-08,0
3.3500000000000002e-08,0
3.4e-08,0
3.4499999999999998e-08,0
3.5000000000000002e-08,0
3.55e-08,0
3.5999999999999998e-08,0
3.6500000000000003e-08,0
3.7e-08,0
3.7499999999999998e-08,0
3.8000000000000003e-08,0
3.8500000000000001e-08,0
3.8999999999999998e-08,0
3.9500000000000003e-08,0
4.0000000000000001e-08,0
4.0499999999999999e-08,0
4.1000000000000003e-08,0
4.1500000000000001e-08,0
4.1999999999999999e-08,0
4.2499999999999997e-08,0
4.3000000000000001e-08,0
4.3499999999999999e-08,0
4.3999999999999997e-08,0
4.4500000000000001e-08,0
4.4999999999999999e-08,0
4.5499999999999997e-08,0
4.6000000000000002e-08,0
4.6499999999999999e-08,0
4.6999999999999997e-08,0
4.7500000000000002e-08,0
4.8e-08,0
4.8499999999999998e-08,0
4.9000000000000002e-08,0
4.95e-08,0
4.9999999999999998e-08,0
5.0500000000000002e-08,0
5.1e-08,0
5.1499999999999998e-08,0
5.2000000000000002e-08,0
5.25e-08,0
5.2999999999999998e-08,0
5.3500000000000003e-08,0
5.4e-08,0
5.4499999999999998e-08,0
5.5000000000000003e-08,0
5.5500000000000001e-08,0
5.5999999999999999e-08,0
5.6500000000000003e-08,0
5.7000000000000001e-08,0
5.7499999999999999e-08,0
5.8000000000000003e-08,0
5.8500000000000001e-08,0
5.8999999999999999e-08,0
5.9499999999999997e-08,0
5.9999999999999995e-08,0
6.0500000000000006e-08,0
6.1000000000000004e-08,0
6.1500000000000001e-08,0
6.1999999999999999e-08,0
6.2499999999999997e-08,0
6.2999999999999995e-08,0
6.3500000000000006e-08,0
6.4000000000000004e-08,0
6.4500000000000002e-08,0
6.5e-08,0
6.5499999999999998e-08,0
6.5999999999999995e-08,0
6.6500000000000007e-08,0
6.7000000000000004e-08,0
6.7500000000000002e-08,0
6.8e-08,0
6.8499999999999998e-08,0
6.8999999999999996e-08,0
6.9499999999999994e-08,0
7.0000000000000005e-08,0
7.0500000000000003e-08,0
7.1e-08,0
7.1499999999999998e-08,0
7.1999999999999996e-08,0
7.2499999999999994e-08,0
7.3000000000000005e-08,0
7.3500000000000003e-08,0
7.4000000000000001e-08,0
7.4499999999999999e-08,0
7.4999999999999997e-08,0
7.5499999999999994e-08,0
7.6000000000000006e-08,0
7.6500000000000003e-08,0
7.7000000000000001e-08,0
7.7499999999999999e-08,0
7.7999999999999997e-08,0
7.8499999999999995e-08,0
7.9000000000000006e-08,0
7.9500000000000004e-08,0
8.0000000000000002e-08,0
8.05e-08,0
8.0999999999999997e-08,0
8.1499999999999995e-08,0
8.2000000000000006e-08,0
8.2500000000000004e-08,0
8.3000000000000002e-08,0
8.35e-08,0
8.3999999999999998e-08,0
8.4499999999999996e-08,0
8.4999999999999994e-08,0
8.5500000000000005e-08,0
8.6000000000000002e-08,0
8.65e-08,0
8.6999999999999998e-08,0
8.7499999999999996e-08,0
8.7999999999999994e-08,0
8.8500000000000005e-08,0
8.9000000000000003e-08,0
8.9500000000000001e-08,0
8.9999999999999999e-08,0
9.0499999999999996e-08,0
9.0999999999999994e-08,0
9.1500000000000005e-08,0
9.2000000000000003e-08,0
9.2500000000000001e-08,0
9.2999999999999999e-08,0
9.3499999999999997e-08,0
9.3999999999999995e-08,0
9.4500000000000006e-08,0
9.5000000000000004e-08,0
9.5500000000000002e-08,0
9.5999999999999999e-08,0
9.6499999999999997e-08,0
9.6999999999999995e-08,0
9.7500000000000006e-08,0
9.8000000000000004e-08,0
9.8500000000000002e-08,0
9.9e-08,0
9.9499999999999998e-08,0
9.9999999999999995e-08,0
1.0050000000000001e-07,0
1.01e-07,0
1.015e-07,0
1.02e-07,0
1.025e-07,0
1.03e-07,0
1.0349999999999999e-07,0
1.04e-07,0
1.045e-07,0
1.05e-07,0
1.055e-07,0
1.06e-07,0
1.0649999999999999e-07,0
1.0700000000000001e-07,0
1.075e-07,0
1.08e-07,0
1.085e-07,0
1.09e-07,0
1.0949999999999999e-07,0
1.1000000000000001e-07,0
1.105e-07,0
1.11e-07,0
1.115e-07,0
1.12e-07,0
1.1249999999999999e-07,0
1.1300000000000001e-07,0
1.135e-07,0
1.14e-07,0
1.145e-07,0
1.15e-07,0
1.155e-07,0
1.1600000000000001e-07,0
1.165e-07,0
1.17e-07,0
1.175e-07,0
1.18e-07,0
1.185e-07,0
1.1899999999999999e-07,0
1.195e-07,0
1.1999999999999999e-07,0
1.205e-07,0
1.2100000000000001e-07,0
1.215e-07,0
1.2200000000000001e-07,0
1.2249999999999999e-07,0
1.23e-07,0
1.2349999999999999e-07,0
1.24e-07,0
1.2450000000000001e-07,0
1.2499999999999999e-07,0
1.2550000000000001e-07,0
1.2599999999999999e-07,0
1.265e-07,0
1.2700000000000001e-07,0
1.275e-07,0
1.2800000000000001e-07,0
1.2849999999999999e-07,0
1.29e-07,0
1.2949999999999999e-07,0
1.3e-07,0
1.3050000000000001e-07,0
1.31e-07,0
1.3150000000000001e-07,0
1.3199999999999999e-07,0
1.325e-07,0
1.3300000000000001e-07,0
1.335e-07,0
1.3400000000000001e-07,0
1.3449999999999999e-07,0
1.35e-07,0
1.3549999999999999e-07,0
1.36e-07,0
1.3650000000000001e-07,0
1.37e-07,0
1.3750000000000001e-07,0
1.3799999999999999e-07,0
1.385e-07,0
1.3899999999999999e-07,0
1.395e-07,0
1.4000000000000001e-07,0
1.4049999999999999e-07,0
1.4100000000000001e-07,0
1.4149999999999999e-07,0
1.42e-07,0
1.4250000000000001e-07,0
1.43e-07,0
1.4350000000000001e-07,0
1.4399999999999999e-07,0
1.445e-07,0
1.4499999999999999e-07,0
1.455e-07,0
1.4600000000000001e-07,0
1.4649999999999999e-07,0
1.4700000000000001e-07,0
1.4749999999999999e-07,0
1.48e-07,0
1.4850000000000001e-07,0
1.49e-07,0
1.4950000000000001e-07,0
1.4999999999999999e-07,0
1.505e-07,0
1.5099999999999999e-07,0
1.515e-07,0
1.5200000000000001e-07,0
1.525e-07,8.2069244430689463e-320
1.5300000000000001e-07,2.7503253126080362e-314
1.5349999999999999e-07,8.247456471052904e-309
1.54e-07,2.21310009014086e-303
1.5449999999999999e-07,5.3140683644545394e-298
1.55e-07,1.1418216572867824e-292
1.5550000000000001e-07,2.1954041086167348e-287
1.5599999999999999e-07,3.7772499723621244e-282
1.5650000000000001e-07,5.8154327557522053e-277
1.5699999999999999e-07,8.0118610278940901e-272
1.575e-07,9.8771087215198901e-267
1.5800000000000001e-07,1.0896105976580528e-261
1.585e-07,1.0756175024929801e-256
1.5900000000000001e-07,9.5014406502080427e-252
1.5949999999999999e-07,7.5104527279437568e-247
1.6e-07,5.3123640801133682e-242
1.6049999999999999e-07,3.3624404663242076e-237
1.61e-07,1.9044362234130778e-232
1.6150000000000001e-07,9.6521335137321188e-228
1.6199999999999999e-07,4.3774910370530512e-223
1.6250000000000001e-07,1.7765288636235069e-218
1.6299999999999999e-07,6.4515538697799471e-214
1.635e-07,2.0965317582885168e-209
1.6400000000000001e-07,6.0965427094174898e-205
1.645e-07,1.5863932499301823e-200
1.6500000000000001e-07,3.6938830684872561e-196
1.6549999999999999e-07,7.6966279109910541e-192
1.66e-07,1.4350363324396876e-187
1.6649999999999999e-07,2.394254760948756e-183
1.67e-07,3.5745623785021315e-179
1.6750000000000001e-07,4.7755176912377601e-175
1.68e-07,5.7090401058641008e-171
1.6850000000000001e-07,6.1073215636491134e-167
1.6899999999999999e-07,5.8463328560738504e-163
1.695e-07,5.0079657066127921e-159
1.6999999999999999e-07,3.8387003489634851e-155
1.705e-07,2.6330077393582456e-151
1.7100000000000001e-07,1.6160884138202511e-147
1.7149999999999999e-07,8.8761198018076122e-144
1.72e-07,4.3624077024688658e-140
1.7249999999999999e-07,1.918555668934785e-136
1.73e-07,7.5503592581202735e-133
1.7350000000000001e-07,2.6589237633496464e-129
1.74e-07,8.3789425338193693e-126
1.7450000000000001e-07,2.3627490426728334e-122
1.7499999999999999e-07,5.9619871746391965e-119
1.755e-07,1.3461998461573202e-115
1.7599999999999999e-07,2.720026237617272e-112
1.765e-07,4.9179228060456538e-109
1.7700000000000001e-07,7.9567438919514001e-106
1.7749999999999999e-07,1.151951272463575e-102
1.7800000000000001e-07,1.4923747614760575e-99
1.7849999999999999e-07,1.7300822096825899e-96
1.79e-07,1.7947362817304427e-93
1.7950000000000001e-07,1.666017665520094e-90
1.8e-07,1.3838965267367376e-87
1.8050000000000001e-07,1.0286619937923687e-84
1.8099999999999999e-07,6.8420591840176426e-82
1.815e-07,4.0723586257611754e-79
1.8199999999999999e-07,2.1689536131351845e-76
1.825e-07,1.0337120265673203e-73
1.8300000000000001e-07,4.4085313314632264e-71
1.835e-07,1.6824158527127528e-68
1.8400000000000001e-07,5.7453677152306445e-66
1.8449999999999999e-07,1.7556880978548265e-63
1.85e-07,4.8008922389191279e-61
1.8549999999999999e-07,1.1747395985334873e-58
1.86e-07,2.5722093726424148e-56
1.8650000000000001e-07,5.0398322583512528e-54
1.8699999999999999e-07,8.8363092174922209e-52
1.875e-07,1.3863432936411706e-49
1.8799999999999999e-07,1.9463266273143323e-47
1.885e-07,2.4451512024555155e-45
1.8900000000000001e-07,2.7487850079102147e-43
1.895e-07,2.7651639386481079e-41
1.9000000000000001e-07,2.4891212533275125e-39
1.9049999999999999e-07,2.0050087819616541e-37
1.91e-07,1.4452120129541458e-35
1.9149999999999999e-07,9.321630933398905e-34
1.92e-07,5.3801861600211382e-32
1.9250000000000001e-07,2.7787390183171102e-30
1.9299999999999999e-07,1.2842313672676012e-28
1.9350000000000001e-07,5.3110922496790952e-27
1.9399999999999999e-07,1.9654838241636744e-25
1.945e-07,6.5087885154678543e-24
1.9500000000000001e-07,1.9287498479639178e-22
1.955e-07,5.1144237318037472e-21
1.9600000000000001e-07,1.2135636681257875e-19
1.9649999999999999e-07,2.576757109154981e-18
1.97e-07,4.895865264586114e-17
1.9749999999999999e-07,8.3239696769811071e-16
1.98e-07,1.2664165549094176e-14
1.9850000000000001e-07,1.7241209390355059e-13
1.99e-07,2.1004092927322602e-12
1.9950000000000001e-07,2.289734845645553e-11
1.9999999999999999e-07,2.2336314362031582e-10
2.005e-07,1.9497677860172377e-09
2.0100000000000001e-07,1.5229979744712629e-08
2.015e-07,1.0645371411076024e-07
2.0200000000000001e-07,6.658361469857315e-07
2.0249999999999999e-07,3.7266531720786709e-06
2.03e-07,1.8664469113520537e-05
2.0349999999999999e-07,8.3648347229727673e-05
2.04e-07,0.00033546262790251185
2.0450000000000001e-07,0.001203859994828204
2.05e-07,0.0038659201394728041
2.0550000000000001e-07,0.011108996538242306
2.0599999999999999e-07,0.028565500784550377
2.065e-07,0.065728528616530446
2.0699999999999999e-07,0.1353352832366127
2.075e-07,0.24935220877729616
2.0800000000000001e-07,0.41111229050718745
2.0849999999999999e-07,0.60653065971263342
2.0900000000000001e-07,0.80073740291680806
2.0949999999999999e-07,0.94595946890676541
2.1e-07,1
2.1050000000000001e-07,0.94595946890676541
2.11e-07,0.80073740291680806
2.1150000000000001e-07,0.60653065971263342
2.1199999999999999e-07,0.41111229050718745
2.125e-07,0.24935220877729616
2.1299999999999999e-07,0.1353352832366127
2.135e-07,0.065728528616530446
2.1400000000000001e-07,0.028565500784550377
2.145e-07,0.011108996538242306
2.1500000000000001e-07,0.0038659201394728041
2.1549999999999999e-07,0.001203859994828204
2.16e-07,0.00033546262790251185
2.1650000000000001e-07,8.3648347229727673e-05
2.17e-07,1.8664469113520537e-05
2.1750000000000001e-07,3.7266531720786709e-06
2.1799999999999999e-07,6.658361469857315e-07
2.185e-07,1.0645371411076024e-07
2.1899999999999999e-07,1.5229979744712629e-08
2.195e-07,1.9497677860172377e-09
2.2000000000000001e-07,2.2336314362031582e-10
2.205e-07,2.289734845645553e-11
2.2100000000000001e-07,2.1004092927322602e-12
2.2149999999999999e-07,1.7241209390355059e-13
2.22e-07,1.2664165549094176e-14
2.2249999999999999e-07,8.3239696769811071e-16
2.23e-07,4.895865264586114e-17
2.2350000000000001e-07,2.576757109154981e-18
2.2399999999999999e-07,1.2135636681257875e-19
2.2450000000000001e-07,5.1144237318037472e-21
2.2499999999999999e-07,1.9287498479639178e-22
2.255e-07,6.5087885154678543e-24
2.2600000000000001e-07,1.9654838241636744e-25
2.265e-07,5.3110922496790952e-27
2.2700000000000001e-07,1.2842313672676012e-28
2.2749999999999999e-07,2.7787390183171102e-30
2.28e-07,5.3801861600211382e-32
2.2849999999999999e-07,9.321630933398905e-34
2.29e-07,1.4452120129541458e-35
2.2950000000000001e-07,2.0050087819616541e-37
2.2999999999999999e-07,2.4891212533275125e-39
2.3050000000000001e-07,2.7651639386481079e-41
2.3099999999999999e-07,2.7487850079102147e-43
2.315e-07,2.4451512024555155e-45
2.3200000000000001e-07,1.9463266273143323e-47
2.325e-07,1.3863432936411706e-49
2.3300000000000001e-07,8.8363092174922209e-52
2.3349999999999999e-07,5.0398322583512528e-54
2.34e-07,2.5722093726424148e-56
2.3449999999999999e-07,1.1747395985334873e-58
2.35e-07,4.8008922389191279e-61
2.3550000000000001e-07,1.7556880978548265e-63
2.36e-07,5.7453677152306445e-66
2.3650000000000001e-07,1.6824158527127528e-68
2.3699999999999999e-07,4.4085313314632264e-71
2.375e-07,1.0337120265673203e-73
2.3799999999999999e-07,2.1689536131351845e-76
2.3850000000000002e-07,4.0723586257611754e-79
2.3900000000000001e-07,6.8420591840176426e-82
2.3949999999999999e-07,1.0286619937923687e-84
2.3999999999999998e-07,1.3838965267367376e-87
2.4050000000000002e-07,1.666017665520094e-90
2.41e-07,1.7947362817304427e-93
2.4149999999999999e-07,1.7300822096825899e-96
2.4200000000000002e-07,1.4923747614760575e-99
2.4250000000000001e-07,1.151951272463575e-102
2.4299999999999999e-07,7.9567438919514001e-106
2.4349999999999998e-07,4.9179228060456538e-109
2.4400000000000001e-07,2.720026237617272e-112
2.445e-07,1.3461998461573202e-115
2.4499999999999998e-07,5.9619871746391965e-119
2.4550000000000002e-07,2.3627490426728334e-122
2.4600000000000001e-07,8.3789425338193693e-126
2.4649999999999999e-07,2.6589237633496464e-129
2.4699999999999998e-07,7.5503592581202735e-133
2.4750000000000001e-07,1.918555668934785e-136
2.48e-07,4.3624077024688658e-140
2.4849999999999998e-07,8.8761198018076122e-144
2.4900000000000002e-07,1.6160884138202511e-147
2.495e-07,2.6330077393582456e-151
2.4999999999999999e-07,3.8387003489634851e-155
2.5050000000000003e-07,5.0079657066127921e-159
2.5100000000000001e-07,5.8463328560738504e-163
2.515e-07,6.1073215636491134e-167
2.5199999999999998e-07,5.7090401058641008e-171
2.5250000000000002e-07,4.7755176912377601e-175
2.53e-07,3.5745623785021315e-179
2.5349999999999999e-07,2.394254760948756e-183
2.5400000000000002e-07,1.4350363324396876e-187
2.5450000000000001e-07,7.6966279109910541e-192
2.5499999999999999e-07,3.6938830684872561e-196
2.5549999999999998e-07,1.5863932499301823e-200
2.5600000000000002e-07,6.0965427094174898e-205
2.565e-07,2.0965317582885168e-209
2.5699999999999999e-07,6.4515538697799471e-214
2.5750000000000002e-07,1.7765288636235069e-218
2.5800000000000001e-07,4.3774910370530512e-223
2.5849999999999999e-07,9.6521335137321188e-228
2.5899999999999998e-07,1.9044362234130778e-232
2.5950000000000001e-07,3.3624404663242076e-237
2.6e-07,5.3123640801133682e-242
2.6049999999999998e-07,7.5104527279437568e-247
2.6100000000000002e-07,9.5014406502080427e-252
2.6150000000000001e-07,1.0756175024929801e-256
2.6199999999999999e-07,1.0896105976580528e-261
2.6249999999999997e-07,9.8771087215198901e-267
2.6300000000000001e-07,8.0118610278940901e-272
2.635e-07,5.8154327557522053e-277
2.6399999999999998e-07,3.7772499723621244e-282
2.6450000000000002e-07,2.1954041086167348e-287
2.65e-07,1.1418216572867824e-292
2.6549999999999999e-07,5.3140683644545394e-298
2.6600000000000003e-07,2.21310009014086e-303
2.6650000000000001e-07,8.247456471052904e-309
2.67e-07,2.7503253126080362e-314
2.6749999999999998e-07,8.2069244430689463e-320
2.6800000000000002e-07,0
2.685e-07,0
2.6899999999999999e-07,0
2.6950000000000002e-07,0
2.7000000000000001e-07,0
2.7049999999999999e-07,0
2.7099999999999998e-07,0
2.7150000000000002e-07,0
2.72e-07,0
2.7249999999999999e-07,0
2.7300000000000002e-07,0
2.7350000000000001e-07,0
2.7399999999999999e-07,0
2.7449999999999998e-07,0
2.7500000000000001e-07,0
2.755e-07,0
2.7599999999999998e-07,0
2.7650000000000002e-07,0
2.7700000000000001e-07,0
2.7749999999999999e-07,0
2.7799999999999997e-07,0
2.7850000000000001e-07,0
2.79e-07,0
2.7949999999999998e-07,0
2.8000000000000002e-07,0
2.805e-07,0
2.8099999999999999e-07,0
2.8150000000000003e-07,0
2.8200000000000001e-07,0
2.825e-07,0
2.8299999999999998e-07,0
2.8350000000000002e-07,0
2.84e-07,0
2.8449999999999999e-07,0
2.8500000000000002e-07,0
2.8550000000000001e-07,0
2.8599999999999999e-07,0
2.8649999999999998e-07,0
2.8700000000000002e-07,0
2.875e-07,0
2.8799999999999998e-07,0
2.8850000000000002e-07,0
2.8900000000000001e-07,0
2.8949999999999999e-07,0
2.8999999999999998e-07,0
2.9050000000000001e-07,0
2.91e-07,0
2.9149999999999998e-07,0
2.9200000000000002e-07,0
2.9250000000000001e-07,0
2.9299999999999999e-07,0
2.9349999999999997e-07,0
2.9400000000000001e-07,0
2.945e-07,0
2.9499999999999998e-07,0
2.9550000000000002e-07,0
2.96e-07,0
2.9649999999999999e-07,0
2.9700000000000003e-07,0
2.9750000000000001e-07,0
2.9799999999999999e-07,0
2.9849999999999998e-07,0
2.9900000000000002e-07,0
2.995e-07,0
2.9999999999999999e-07,0
3.0050000000000002e-07,0
3.0100000000000001e-07,0
3.0149999999999999e-07,0
3.0199999999999998e-07,0
3.0250000000000002e-07,0
3.03e-07,0
3.0349999999999998e-07,0
3.0400000000000002e-07,0
3.0450000000000001e-07,0
3.0499999999999999e-07,0
3.0549999999999998e-07,0
3.0600000000000001e-07,0
3.065e-07,0
3.0699999999999998e-07,0
3.0750000000000002e-07,0
3.0800000000000001e-07,0
3.0849999999999999e-07,0
3.0899999999999997e-07,0
3.0950000000000001e-07,0
3.1e-07,0
3.1049999999999998e-07,0
3.1100000000000002e-07,0
3.115e-07,0
3.1199999999999999e-07,0
3.1250000000000003e-07,0
3.1300000000000001e-07,0
3.1349999999999999e-07,0
3.1399999999999998e-07,0
3.1450000000000002e-07,0
3.15e-07,0
3.1549999999999999e-07,0
3.1600000000000002e-07,0
3.1650000000000001e-07,0
3.1699999999999999e-07,0
3.1749999999999998e-07,0
3.1800000000000002e-07,0
3.185e-07,0
3.1899999999999998e-07,0
3.1950000000000002e-07,0
3.2000000000000001e-07,0
3.2049999999999999e-07,0
3.2099999999999998e-07,0
3.2150000000000001e-07,0
3.22e-07,0
3.2249999999999998e-07,0
3.2300000000000002e-07,0
3.235e-07,0
3.2399999999999999e-07,0
3.2449999999999997e-07,0
3.2500000000000001e-07,0
3.255e-07,0
3.2599999999999998e-07,0
3.2650000000000002e-07,0
3.27e-07,0
3.2749999999999999e-07,0
3.2800000000000003e-07,0
3.2850000000000001e-07,0
3.2899999999999999e-07,0
3.2949999999999998e-07,0
3.3000000000000002e-07,0
3.305e-07,0
3.3099999999999999e-07,0
3.3150000000000002e-07,0
3.3200000000000001e-07,0
3.3249999999999999e-07,0
3.3299999999999998e-07,0
3.3350000000000002e-07,0
3.34e-07,0
3.3449999999999998e-07,0
3.3500000000000002e-07,0
3.3550000000000001e-07,0
3.3599999999999999e-07,0
3.3649999999999998e-07,0
3.3700000000000001e-07,0
3.375e-07,0
3.3799999999999998e-07,0
3.3850000000000002e-07,0
3.39e-07,0
3.3949999999999999e-07,0
3.3999999999999997e-07,0
3.4050000000000001e-07,0
3.41e-07,0
3.4149999999999998e-07,0
3.4200000000000002e-07,0
3.425e-07,0
3.4299999999999999e-07,0
3.4350000000000003e-07,0
3.4400000000000001e-07,0
3.4449999999999999e-07,0
3.4499999999999998e-07,0
3.4550000000000002e-07,0
3.46e-07,0
3.4649999999999999e-07,0
3.4700000000000002e-07,0
3.4750000000000001e-07,0
3.4799999999999999e-07,0
3.4849999999999998e-07,0
3.4900000000000001e-07,0
3.495e-07,0
3.4999999999999998e-07,0
3.5050000000000002e-07,0
3.5100000000000001e-07,0
3.5149999999999999e-07,0
3.5199999999999998e-07,0
3.5250000000000001e-07,0
3.53e-07,0
3.5349999999999998e-07,0
3.5400000000000002e-07,0
3.545e-07,0
3.5499999999999999e-07,0
3.5549999999999997e-07,0
3.5600000000000001e-07,0
3.565e-07,0
3.5699999999999998e-07,0
3.5750000000000002e-07,0
3.58e-07,0
3.5849999999999999e-07,0
3.5900000000000003e-07,0
3.5950000000000001e-07,0
3.5999999999999999e-07,0
3.6049999999999998e-07,0
3.6100000000000002e-07,0
3.615e-07,0
3.6199999999999999e-07,0
3.6250000000000002e-07,0
3.6300000000000001e-07,0
3.6349999999999999e-07,0
3.6399999999999998e-07,0
3.6450000000000001e-07,0
3.65e-07,0
3.6549999999999998e-07,0
3.6600000000000002e-07,0
3.6650000000000001e-07,0
3.6699999999999999e-07,0
3.6749999999999998e-07,0
3.6800000000000001e-07,0
3.685e-07,0
3.6899999999999998e-07,0
3.6950000000000002e-07,0
3.7e-07,0
3.7049999999999999e-07,0
3.7099999999999997e-07,0
3.7150000000000001e-07,0
3.72e-07,0
3.7249999999999998e-07,0
3.7300000000000002e-07,0
3.735e-07,0
3.7399999999999999e-07,0
3.7450000000000002e-07,0
3.7500000000000001e-07,0
3.7549999999999999e-07,0
3.7599999999999998e-07,0
3.7650000000000002e-07,0
3.77e-07,0
3.7749999999999999e-07,0
3.7800000000000002e-07,0
3.7850000000000001e-07,0
3.7899999999999999e-07,0
3.7949999999999998e-07,0
3.8000000000000001e-07,0
3.805e-07,0
3.8099999999999998e-07,0
3.8150000000000002e-07,0
3.8200000000000001e-07,0
3.8249999999999999e-07,0
3.8299999999999998e-07,0
3.8350000000000001e-07,0
3.84e-07,0
3.8449999999999998e-07,0
3.8500000000000002e-07,0
3.855e-07,0
3.8599999999999999e-07,0
3.8650000000000003e-07,0
3.8700000000000001e-07,0
3.875e-07,0
3.8799999999999998e-07,0
3.8850000000000002e-07,0
3.89e-07,0
3.8949999999999999e-07,0
3.9000000000000002e-07,0
3.9050000000000001e-07,0
3.9099999999999999e-07,0
3.9149999999999998e-07,0
3.9200000000000002e-07,0
3.925e-07,0
3.9299999999999999e-07,0
3.9350000000000002e-07,0
3.9400000000000001e-07,0
3.9449999999999999e-07,0
3.9499999999999998e-07,0
3.9550000000000001e-07,0
3.96e-07,0
3.9649999999999998e-07,0
3.9700000000000002e-07,0
3.9750000000000001e-07,0
3.9799999999999999e-07,0
3.9849999999999998e-07,0
3.9900000000000001e-07,0
3.995e-07,0
3.9999999999999998e-07,0
4.0050000000000002e-07,0
4.01e-07,0
4.0149999999999999e-07,0
4.0200000000000003e-07,0
4.0250000000000001e-07,0
4.03e-07,0
4.0349999999999998e-07,0
4.0400000000000002e-07,0
4.045e-07,0
4.0499999999999999e-07,0
4.0550000000000002e-07,0
4.0600000000000001e-07,0
4.0649999999999999e-07,0
4.0699999999999998e-07,0
4.0750000000000002e-07,0
4.08e-07,0
4.0849999999999999e-07,0
4.0900000000000002e-07,0
4.0950000000000001e-07,0
4.0999999999999999e-07,0
4.1049999999999998e-07,0
4.1100000000000001e-07,0
4.115e-07,0
4.1199999999999998e-07,0
4.1250000000000002e-07,0
4.1300000000000001e-07,0
4.1349999999999999e-07,0
4.1399999999999997e-07,0
4.1450000000000001e-07,0
4.15e-07,0
4.1549999999999998e-07,0
4.1600000000000002e-07,0
4.165e-07,0
4.1699999999999999e-07,0
4.1750000000000003e-07,0
4.1800000000000001e-07,0
4.185e-07,0
4.1899999999999998e-07,0
4.1950000000000002e-07,0
4.2e-07,0
4.2049999999999999e-07,0
4.2100000000000002e-07,0
4.2150000000000001e-07,0
4.2199999999999999e-07,0
4.2249999999999998e-07,0
4.2300000000000002e-07,0
4.235e-07,0
4.2399999999999999e-07,0
4.2450000000000002e-07,0
4.2500000000000001e-07,0
4.2549999999999999e-07,0
4.2599999999999998e-07,0
4.2650000000000001e-07,0
4.27e-07,0
4.2749999999999998e-07,0
4.2800000000000002e-07,0
4.2850000000000001e-07,0
4.2899999999999999e-07,0
4.2949999999999997e-07,0
4.3000000000000001e-07,0
4.305e-07,0
4.3099999999999998e-07,0
4.3150000000000002e-07,0
4.32e-07,0
4.3249999999999999e-07,0
4.3300000000000003e-07,0
4.3350000000000001e-07,0
4.34e-07,0
4.3449999999999998e-07,0
4.3500000000000002e-07,0
4.355e-07,0
4.3599999999999999e-07,0
4.3650000000000002e-07,0
4.3700000000000001e-07,0
4.3749999999999999e-07,0
4.3799999999999998e-07,0
4.3850000000000002e-07,0
4.39e-07,0
4.3949999999999998e-07,0
4.4000000000000002e-07,0
4.4050000000000001e-07,0
4.4099999999999999e-07,0
4.4149999999999998e-07,0
4.4200000000000001e-07,0
4.425e-07,0
4.4299999999999998e-07,0
4.4350000000000002e-07,0
4.4400000000000001e-07,0
4.4449999999999999e-07,0
4.4499999999999997e-07,0
4.4550000000000001e-07,0
4.46e-07,0
4.4649999999999998e-07,0
4.4700000000000002e-07,0
4.475e-07,0
4.4799999999999999e-07,0
4.4850000000000003e-07,0
4.4900000000000001e-07,0
4.495e-07,0
4.4999999999999998e-07,0
4.5050000000000002e-07,0
4.51e-07,0
4.5149999999999999e-07,0
4.5200000000000002e-07,0
4.5250000000000001e-07,0
4.5299999999999999e-07,0
4.5349999999999998e-07,0
4.5400000000000002e-07,0
4.545e-07,0
4.5499999999999998e-07,0
4.5550000000000002e-07,0
4.5600000000000001e-07,0
4.5649999999999999e-07,0
4.5699999999999998e-07,0
4.5750000000000001e-07,0
4.58e-07,0
4.5849999999999998e-07,0
4.5900000000000002e-07,0
4.5950000000000001e-07,0
4.5999999999999999e-07,0
4.6049999999999997e-07,0
4.6100000000000001e-07,0
4.615e-07,0
4.6199999999999998e-07,0
4.6250000000000002e-07,0
4.63e-07,0
4.6349999999999999e-07,0
4.6400000000000003e-07,0
4.6450000000000001e-07,0
4.6499999999999999e-07,0
4.6549999999999998e-07,0
4.6600000000000002e-07,0
4.665e-07,0
4.6699999999999999e-07,0
4.6750000000000002e-07,0
4.6800000000000001e-07,0
4.6849999999999999e-07,0
4.6899999999999998e-07,0
4.6950000000000002e-07,0
4.7e-07,0
4.7049999999999998e-07,0
4.7100000000000002e-07,0
4.7150000000000001e-07,0
4.7199999999999999e-07,0
4.7249999999999998e-07,0
4.7300000000000001e-07,0
4.735e-07,0
4.7399999999999998e-07,0
4.7450000000000002e-07,0
4.75e-07,0
4.7549999999999999e-07,0
4.7599999999999997e-07,0
4.7650000000000001e-07,0
4.7700000000000005e-07,0
4.7749999999999998e-07,0
4.7800000000000002e-07,0
4.7849999999999995e-07,0
4.7899999999999999e-07,0
4.7950000000000003e-07,0
4.7999999999999996e-07,0
4.8049999999999999e-07,0
4.8100000000000003e-07,0
4.8149999999999996e-07,0
4.82e-07,0
4.8250000000000004e-07,0
4.8299999999999997e-07,0
4.8350000000000001e-07,0
4.8400000000000005e-07,0
4.8449999999999998e-07,0
4.8500000000000002e-07,0
4.8550000000000005e-07,0
4.8599999999999998e-07,0
4.8650000000000002e-07,0
4.8699999999999995e-07,0
4.8749999999999999e-07,0
4.8800000000000003e-07,0
4.8849999999999996e-07,0
4.89e-07,0
4.8950000000000004e-07,0
4.8999999999999997e-07,0
4.905e-07,0
4.9100000000000004e-07,0
4.9149999999999997e-07,0
4.9200000000000001e-07,0
4.9250000000000005e-07,0
4.9299999999999998e-07,0
4.9350000000000002e-07,0
4.9399999999999995e-07,0
4.9449999999999999e-07,0
4.9500000000000003e-07,0
4.9549999999999996e-07,0
4.9599999999999999e-07,0
4.9650000000000003e-07,0
4.9699999999999996e-07,0
4.975e-07,0
4.9800000000000004e-07,0
4.9849999999999997e-07,0
4.9900000000000001e-07,0
4.9950000000000005e-07,0
4.9999999999999998e-07,0
5.0050000000000001e-07,0
5.0100000000000005e-07,0
5.0149999999999998e-07,0
5.0200000000000002e-07,0
5.0249999999999995e-07,0
5.0299999999999999e-07,0
5.0350000000000003e-07,0
5.0399999999999996e-07,0
5.045e-07,0
5.0500000000000004e-07,0
5.0549999999999997e-07,0
5.06e-07,0
5.0650000000000004e-07,0
5.0699999999999997e-07,0
5.0750000000000001e-07,0
5.0800000000000005e-07,0
5.0849999999999998e-07,0
5.0900000000000002e-07,0
5.0949999999999995e-07,0
5.0999999999999999e-07,0
5.1050000000000003e-07,0
5.1099999999999996e-07,0
5.1149999999999999e-07,0
5.1200000000000003e-07,0
5.1249999999999996e-07,0
5.13e-07,0
5.1350000000000004e-07,0
5.1399999999999997e-07,0
5.1450000000000001e-07,0
5.1500000000000005e-07,0
5.1549999999999998e-07,0
5.1600000000000001e-07,0
5.1650000000000005e-07,0
5.1699999999999998e-07,0
5.1750000000000002e-07,0
5.1799999999999995e-07,0
5.1849999999999999e-07,0
5.1900000000000003e-07,0
5.1949999999999996e-07,0
5.2e-07,0
5.2050000000000004e-07,0
5.2099999999999997e-07,0
5.215e-07,0
5.2200000000000004e-07,0
5.2249999999999997e-07,0
5.2300000000000001e-07,0
5.2350000000000005e-07,0
5.2399999999999998e-07,0
5.2450000000000002e-07,0
5.2499999999999995e-07,0
5.2549999999999999e-07,0
5.2600000000000002e-07,0
5.2649999999999996e-07,0
5.2699999999999999e-07,0
5.2750000000000003e-07,0
5.2799999999999996e-07,0
5.285e-07,0
5.2900000000000004e-07,0
5.2949999999999997e-07,0
5.3000000000000001e-07,0
5.3050000000000005e-07,0
5.3099999999999998e-07,0
5.3150000000000001e-07,0
5.3200000000000005e-07,0
5.3249999999999998e-07,0
5.3300000000000002e-07,0
5.3349999999999995e-07,0
5.3399999999999999e-07,0
5.3450000000000003e-07,0
5.3499999999999996e-07,0
5.355e-07,0
5.3600000000000004e-07,0
5.3649999999999997e-07,0
5.37e-07,0
5.3750000000000004e-07,0
5.3799999999999997e-07,0
5.3850000000000001e-07,0
5.3900000000000005e-07,0
5.3949999999999998e-07,0
5.4000000000000002e-07,0
5.4049999999999995e-07,0
5.4099999999999999e-07,0
5.4150000000000002e-07,0
5.4199999999999996e-07,0
5.4249999999999999e-07,0
5.4300000000000003e-07,0
5.4349999999999996e-07,0
5.44e-07,0
5.4450000000000004e-07,0
5.4499999999999997e-07,0
5.4550000000000001e-07,0
5.4600000000000005e-07,0
5.4649999999999998e-07,0
5.4700000000000001e-07,0
5.4750000000000005e-07,0
5.4799999999999998e-07,0
5.4850000000000002e-07,0
5.4899999999999995e-07,0
5.4949999999999999e-07,0
5.5000000000000003e-07,0
5.5049999999999996e-07,0
5.51e-07,0
5.5150000000000003e-07,0
5.5199999999999997e-07,0
5.525e-07,0
5.5300000000000004e-07,0
5.5349999999999997e-07,0
5.5400000000000001e-07,0
5.5450000000000005e-07,0
5.5499999999999998e-07,0
5.5550000000000002e-07,0
5.5599999999999995e-07,0
5.5649999999999999e-07,0
5.5700000000000002e-07,0
5.5749999999999996e-07,0
5.5799999999999999e-07,0
5.5850000000000003e-07,0
5.5899999999999996e-07,0
5.595e-07,0
5.6000000000000004e-07,0
5.6049999999999997e-07,0
5.6100000000000001e-07,0
5.6150000000000005e-07,0
5.6199999999999998e-07,0
5.6250000000000001e-07,0
5.6300000000000005e-07,0
5.6349999999999998e-07,0
5.6400000000000002e-07,0
5.6449999999999995e-07,0
5.6499999999999999e-07,0
5.6550000000000003e-07,0
5.6599999999999996e-07,0
5.665e-07,0
5.6700000000000003e-07,0
5.6749999999999997e-07,0
5.68e-07,0
5.6850000000000004e-07,0
5.6899999999999997e-07,0
5.6950000000000001e-07,0
5.7000000000000005e-07,0
5.7049999999999998e-07,0
5.7100000000000002e-07,0
5.7149999999999995e-07,0
5.7199999999999999e-07,0
5.7250000000000002e-07,0
5.7299999999999996e-07,0
5.7349999999999999e-07,0
5.7400000000000003e-07,0
5.7449999999999996e-07,0
5.75e-07,0
5.7550000000000004e-07,0
5.7599999999999997e-07,0
5.7650000000000001e-07,0
5.7700000000000004e-07,0
5.7749999999999998e-07,0
5.7800000000000001e-07,0
5.7850000000000005e-07,0
5.7899999999999998e-07,0
5.7950000000000002e-07,0
5.7999999999999995e-07,0
5.8049999999999999e-07,0
5.8100000000000003e-07,0
5.8149999999999996e-07,0
5.82e-07,0
5.8250000000000003e-07,0
5.8299999999999997e-07,0
5.835e-07,0
5.8400000000000004e-07,0
5.8449999999999997e-07,0
5.8500000000000001e-07,0
5.8550000000000005e-07,0
5.8599999999999998e-07,0
5.8650000000000002e-07,0
5.8699999999999995e-07,0
5.8749999999999999e-07,0
5.8800000000000002e-07,0
5.8849999999999996e-07,0
5.8899999999999999e-07,0
5.8950000000000003e-07,0
5.8999999999999996e-07,0
5.905e-07,0
5.9100000000000004e-07,0
5.9149999999999997e-07,0
5.9200000000000001e-07,0
5.9250000000000004e-07,0
5.9299999999999998e-07,0
5.9350000000000001e-07,0
5.9400000000000005e-07,0
5.9449999999999998e-07,0
5.9500000000000002e-07,0
5.9549999999999995e-07,0
5.9599999999999999e-07,0
5.9650000000000003e-07,0
5.9699999999999996e-07,0
5.975e-07,0
5.9800000000000003e-07,0
5.9849999999999997e-07,0
5.99e-07,0
5.9950000000000004e-07,0
5.9999999999999997e-07,0
6.0050000000000001e-07,0
6.0100000000000005e-07,0
6.0149999999999998e-07,0
6.0200000000000002e-07,0
6.0249999999999995e-07,0
6.0299999999999999e-07,0
6.0350000000000002e-07,0
6.0399999999999996e-07,0
6.0449999999999999e-07,0
6.0500000000000003e-07,0
6.0549999999999996e-07,0
6.06e-07,0
6.0650000000000004e-07,0
6.0699999999999997e-07,0
6.0750000000000001e-07,0
6.0800000000000004e-07,0
6.0849999999999998e-07,0
6.0900000000000001e-07,0
6.0950000000000005e-07,0
6.0999999999999998e-07,0
6.1050000000000002e-07,0
6.1099999999999995e-07,0
6.1149999999999999e-07,0
6.1200000000000003e-07,0
6.1249999999999996e-07,0
6.13e-07,0
6.1350000000000003e-07,0
6.1399999999999997e-07,0
6.145e-07,0
6.1500000000000004e-07,0
6.1549999999999997e-07,0
6.1600000000000001e-07,0
6.1650000000000005e-07,0
6.1699999999999998e-07,0
6.1750000000000002e-07,0
6.1799999999999995e-07,0
6.1849999999999999e-07,0
6.1900000000000002e-07,0
6.1949999999999996e-07,0
6.1999999999999999e-07,0
6.2050000000000003e-07,0
6.2099999999999996e-07,0
6.215e-07,0
6.2200000000000004e-07,0
6.2249999999999997e-07,0
6.2300000000000001e-07,0
6.2350000000000004e-07,0
6.2399999999999998e-07,0
6.2450000000000001e-07,0
6.2500000000000005e-07,0
6.2549999999999998e-07,0
6.2600000000000002e-07,0
6.2649999999999995e-07,0
6.2699999999999999e-07,0
6.2750000000000003e-07,0
6.2799999999999996e-07,0
6.285e-07,0
6.2900000000000003e-07,0
6.2949999999999997e-07,0
6.3e-07,0
6.3050000000000004e-07,0
6.3099999999999997e-07,0
6.3150000000000001e-07,0
6.3200000000000005e-07,0
6.3249999999999998e-07,0
6.3300000000000002e-07,0
6.3349999999999995e-07,0
6.3399999999999999e-07,0
6.3450000000000002e-07,0
6.3499999999999996e-07,0
6.3549999999999999e-07,0
6.3600000000000003e-07,0
6.3649999999999996e-07,0
6.37e-07,0
6.3750000000000004e-07,0
6.3799999999999997e-07,0
6.3850000000000001e-07,0
6.3900000000000004e-07,0
6.3949999999999998e-07,0
6.4000000000000001e-07,0
6.4050000000000005e-07,0
6.4099999999999998e-07,0
6.4150000000000002e-07,0
6.4199999999999995e-07,0
6.4249999999999999e-07,0
6.4300000000000003e-07,0
6.4349999999999996e-07,0
6.44e-07,0
6.4450000000000003e-07,0
6.4499999999999997e-07,0
6.455e-07,0
6.4600000000000004e-07,0
6.4649999999999997e-07,0
6.4700000000000001e-07,0
6.4750000000000005e-07,0
6.4799999999999998e-07,0
6.4850000000000002e-07,0
6.4899999999999995e-07,0
6.4949999999999999e-07,0
6.5000000000000002e-07,0
6.5049999999999996e-07,0
6.5099999999999999e-07,0
6.5150000000000003e-07,0
6.5199999999999996e-07,0
6.525e-07,0
6.5300000000000004e-07,0
6.5349999999999997e-07,0
6.5400000000000001e-07,0
6.5450000000000004e-07,0
6.5499999999999998e-07,0
6.5550000000000001e-07,0
6.5600000000000005e-07,0
6.5649999999999998e-07,0
6.5700000000000002e-07,0
6.5749999999999995e-07,0
6.5799999999999999e-07,0
6.5850000000000003e-07,0
6.5899999999999996e-07,0
6.595e-07,0
6.6000000000000003e-07,0
6.6049999999999997e-07,0
6.61e-07,0
6.6150000000000004e-07,0
6.6199999999999997e-07,0
6.6250000000000001e-07,0
6.6300000000000005e-07,0
6.6349999999999998e-07,0
6.6400000000000002e-07,0
6.6449999999999995e-07,0
6.6499999999999999e-07,0
6.6550000000000002e-07,0
6.6599999999999996e-07,0
6.6649999999999999e-07,0
6.6700000000000003e-07,0
6.6749999999999996e-07,0
6.68e-07,0
6.6850000000000004e-07,0
6.6899999999999997e-07,0
6.6950000000000001e-07,0
6.7000000000000004e-07,0
6.7049999999999998e-07,0
6.7100000000000001e-07,0
6.7150000000000005e-07,0
6.7199999999999998e-07,0
6.7250000000000002e-07,0
6.7299999999999995e-07,0
6.7349999999999999e-07,0
6.7400000000000003e-07,0
6.7449999999999996e-07,0
6.75e-07,0
6.7550000000000003e-07,0
6.7599999999999997e-07,0
6.765e-07,0
6.7700000000000004e-07,0
6.7749999999999997e-07,0
6.7800000000000001e-07,0
6.7850000000000005e-07,0
6.7899999999999998e-07,0
6.7950000000000002e-07,0
6.7999999999999995e-07,0
6.8049999999999999e-07,0
6.8100000000000002e-07,0
6.8149999999999995e-07,0
6.8199999999999999e-07,0
6.8250000000000003e-07,0
6.8299999999999996e-07,0
6.835e-07,0
6.8400000000000004e-07,0
6.8449999999999997e-07,0
6.8500000000000001e-07,0
6.8550000000000004e-07,0
6.8599999999999998e-07,0
6.8650000000000001e-07,0
6.8700000000000005e-07,0
6.8749999999999998e-07,0
6.8800000000000002e-07,0
6.8849999999999995e-07,0
6.8899999999999999e-07,0
6.8950000000000003e-07,0
6.8999999999999996e-07,0
6.905e-07,0
6.9100000000000003e-07,0
6.9149999999999997e-07,0
6.92e-07,0
6.9250000000000004e-07,0
6.9299999999999997e-07,0
6.9350000000000001e-07,0
6.9400000000000005e-07,0
6.9449999999999998e-07,0
6.9500000000000002e-07,0
6.9549999999999995e-07,0
6.9599999999999999e-07,0
6.9650000000000002e-07,0
6.9699999999999995e-07,0
6.9749999999999999e-07,0
6.9800000000000003e-07,0
6.9849999999999996e-07,0
6.99e-07,0
6.9950000000000004e-07,0
6.9999999999999997e-07,0
7.0050000000000001e-07,0
7.0100000000000004e-07,0
7.0149999999999998e-07,0
7.0200000000000001e-07,0
7.0250000000000005e-07,0
7.0299999999999998e-07,0
7.0350000000000002e-07,0
7.0399999999999995e-07,0
7.0449999999999999e-07,0
7.0500000000000003e-07,0
7.0549999999999996e-07,0
7.06e-07,0
7.0650000000000003e-07,0
7.0699999999999996e-07,0
7.075e-07,0
7.0800000000000004e-07,0
7.0849999999999997e-07,0
7.0900000000000001e-07,0
7.0950000000000005e-07,0
7.0999999999999998e-07,0
7.1050000000000002e-07,0
7.1099999999999995e-07,0
7.1149999999999999e-07,0
7.1200000000000002e-07,0
7.1249999999999995e-07,0
7.1299999999999999e-07,0
7.1350000000000003e-07,0
7.1399999999999996e-07,0
7.145e-07,0
7.1500000000000004e-07,0
7.1549999999999997e-07,0
7.1600000000000001e-07,0
7.1650000000000004e-07,0
7.1699999999999997e-07,0
7.1750000000000001e-07,0
7.1800000000000005e-07,0
7.1849999999999998e-07,0
7.1900000000000002e-07,0
7.1949999999999995e-07,0
7.1999999999999999e-07,0
7.2050000000000003e-07,0
7.2099999999999996e-07,0
7.215e-07,0
7.2200000000000003e-07,0
7.2249999999999996e-07,0
7.23e-07,0
7.2350000000000004e-07,0
7.2399999999999997e-07,0
7.2450000000000001e-07,0
7.2500000000000005e-07,0
7.2549999999999998e-07,0
7.2600000000000002e-07,0
7.2649999999999995e-07,0
7.2699999999999999e-07,0
7.2750000000000002e-07,0
7.2799999999999995e-07,0
7.2849999999999999e-07,0
7.2900000000000003e-07,0
7.2949999999999996e-07,0
7.3e-07,0
7.3050000000000004e-07,0
7.3099999999999997e-07,0
7.3150000000000001e-07,0
7.3200000000000004e-07,0
7.3249999999999997e-07,0
7.3300000000000001e-07,0
7.3350000000000005e-07,0
7.3399999999999998e-07,0
7.3450000000000002e-07,0
7.3499999999999995e-07,0
7.3549999999999999e-07,0
7.3600000000000003e-07,0
7.3649999999999996e-07,0
7.37e-07,0
7.3750000000000003e-07,0
7.3799999999999996e-07,0
7.385e-07,0
7.3900000000000004e-07,0
7.3949999999999997e-07,0
7.4000000000000001e-07,0
7.4050000000000005e-07,0
7.4099999999999998e-07,0
7.4150000000000002e-07,0
7.4199999999999995e-07,0
7.4249999999999998e-07,0
7.4300000000000002e-07,0
7.4349999999999995e-07,0
7.4399999999999999e-07,0
7.4450000000000003e-07,0
7.4499999999999996e-07,0
7.455e-07,0
7.4600000000000004e-07,0
7.4649999999999997e-07,0
7.4700000000000001e-07,0
7.4750000000000004e-07,0
7.4799999999999997e-07,0
7.4850000000000001e-07,0
7.4900000000000005e-07,0
7.4949999999999998e-07,0
7.5000000000000002e-07,0
7.5049999999999995e-07,0
7.5099999999999999e-07,0
7.5150000000000003e-07,0
7.5199999999999996e-07,0
7.525e-07,0
7.5300000000000003e-07,0
7.5349999999999996e-07,0
7.54e-07,0
7.5450000000000004e-07,0
7.5499999999999997e-07,0
7.5550000000000001e-07,0
7.5600000000000005e-07,0
7.5649999999999998e-07,0
7.5700000000000002e-07,0
7.5749999999999995e-07,0
7.5799999999999998e-07,0
7.5850000000000002e-07,0
7.5899999999999995e-07,0
7.5949999999999999e-07,0
7.6000000000000003e-07,0
7.6049999999999996e-07,0
7.61e-07,0
7.6150000000000004e-07,0
7.6199999999999997e-07,0
7.6250000000000001e-07,0
7.6300000000000004e-07,0
7.6349999999999997e-07,0
7.6400000000000001e-07,0
7.6450000000000005e-07,0
7.6499999999999998e-07,0
7.6550000000000002e-07,0
7.6599999999999995e-07,0
7.6649999999999999e-07,0
7.6700000000000003e-07,0
7.6749999999999996e-07,0
7.6799999999999999e-07,0
7.6850000000000003e-07,0
7.6899999999999996e-07,0
7.695e-07,0
7.7000000000000004e-07,0
7.7049999999999997e-07,0
7.7100000000000001e-07,0
7.7150000000000005e-07,0
7.7199999999999998e-07,0
7.7250000000000002e-07,0
7.7300000000000005e-07,0
7.7349999999999998e-07,0
7.7400000000000002e-07,0
7.7449999999999995e-07,0
7.7499999999999999e-07,0
7.7550000000000003e-07,0
7.7599999999999996e-07,0
7.765e-07,0
7.7700000000000004e-07,0
7.7749999999999997e-07,0
7.7800000000000001e-07,0
7.7850000000000004e-07,0
7.7899999999999997e-07,0
7.7950000000000001e-07,0
7.8000000000000005e-07,0
7.8049999999999998e-07,0
7.8100000000000002e-07,0
7.8149999999999995e-07,0
7.8199999999999999e-07,0
7.8250000000000003e-07,0
7.8299999999999996e-07,0
7.8349999999999999e-07,0
7.8400000000000003e-07,0
7.8449999999999996e-07,0
7.85e-07,0
7.8550000000000004e-07,0
7.8599999999999997e-07,0
7.8650000000000001e-07,0
7.8700000000000005e-07,0
7.8749999999999998e-07,0
7.8800000000000002e-07,0
7.8850000000000005e-07,0
7.8899999999999998e-07,0
7.8950000000000002e-07,0
7.8999999999999995e-07,0
7.9049999999999999e-07,0
7.9100000000000003e-07,0
7.9149999999999996e-07,0
7.92e-07,0
7.9250000000000004e-07,0
7.9299999999999997e-07,0
7.935e-07,0
7.9400000000000004e-07,0
7.9449999999999997e-07,0
7.9500000000000001e-07,0
7.9550000000000005e-07,0
7.9599999999999998e-07,0
7.9650000000000002e-07,0
7.9699999999999995e-07,0
7.9749999999999999e-07,0
7.9800000000000003e-07,0
7.9849999999999996e-07,0
7.9899999999999999e-07,0
7.9950000000000003e-07,0
7.9999999999999996e-07,0
8.005e-07,0
8.0100000000000004e-07,0
8.0149999999999997e-07,0
8.0200000000000001e-07,0
8.0250000000000005e-07,0
8.0299999999999998e-07,0
8.0350000000000001e-07,0
8.0400000000000005e-07,0
8.0449999999999998e-07,0
8.0500000000000002e-07,0
8.0549999999999995e-07,0
8.0599999999999999e-07,0
8.0650000000000003e-07,0
8.0699999999999996e-07,0
8.075e-07,0
8.0800000000000004e-07,0
8.0849999999999997e-07,0
8.09e-07,0
8.0950000000000004e-07,0
8.0999999999999997e-07,0
8.1050000000000001e-07,0
8.1100000000000005e-07,0
8.1149999999999998e-07,0
8.1200000000000002e-07,0
8.1249999999999995e-07,0
8.1299999999999999e-07,0
8.1350000000000003e-07,0
8.1399999999999996e-07,0
8.1449999999999999e-07,0
8.1500000000000003e-07,0
8.1549999999999996e-07,0
8.16e-07,0
8.1650000000000004e-07,0
8.1699999999999997e-07,0
8.1750000000000001e-07,0
8.1800000000000005e-07,0
8.1849999999999998e-07,0
8.1900000000000001e-07,0
8.1950000000000005e-07,0
8.1999999999999998e-07,0
8.2050000000000002e-07,0
8.2099999999999995e-07,0
8.2149999999999999e-07,0
8.2200000000000003e-07,0
8.2249999999999996e-07,0
8.23e-07,0
8.2350000000000004e-07,0
8.2399999999999997e-07,0
8.245e-07,0
8.2500000000000004e-07,0
8.2549999999999997e-07,0
8.2600000000000001e-07,0
8.2650000000000005e-07,0
8.2699999999999998e-07,0
8.2750000000000002e-07,0
8.2799999999999995e-07,0
8.2849999999999999e-07,0
8.2900000000000002e-07,0
8.2949999999999996e-07,0
8.2999999999999999e-07,0
8.3050000000000003e-07,0
8.3099999999999996e-07,0
8.315e-07,0
8.3200000000000004e-07,0
8.3249999999999997e-07,0
8.3300000000000001e-07,0
8.3350000000000005e-07,0
8.3399999999999998e-07,0
8.3450000000000001e-07,0
8.3500000000000005e-07,0
8.3549999999999998e-07,0
8.3600000000000002e-07,0
8.3649999999999995e-07,0
8.3699999999999999e-07,0
8.3750000000000003e-07,0
8.3799999999999996e-07,0
8.385e-07,0
8.3900000000000004e-07,0
8.3949999999999997e-07,0
8.4e-07,0
8.4050000000000004e-07,0
8.4099999999999997e-07,0
8.4150000000000001e-07,0
8.4200000000000005e-07,0
8.4249999999999998e-07,0
8.4300000000000002e-07,0
8.4349999999999995e-07,0
8.4399999999999999e-07,0
8.4450000000000002e-07,0
8.4499999999999996e-07,0
8.4549999999999999e-07,0
8.4600000000000003e-07,0
8.4649999999999996e-07,0
8.47e-07,0
8.4750000000000004e-07,0
8.4799999999999997e-07,0
8.4850000000000001e-07,0
8.4900000000000005e-07,0
8.4949999999999998e-07,0
8.5000000000000001e-07,0
8.5050000000000005e-07,0
8.5099999999999998e-07,0
8.5150000000000002e-07,0
8.5199999999999995e-07,0
8.5249999999999999e-07,0
8.5300000000000003e-07,0
8.5349999999999996e-07,0
8.54e-07,0
8.5450000000000003e-07,0
8.5499999999999997e-07,0
8.555e-07,0
8.5600000000000004e-07,0
8.5649999999999997e-07,0
8.5700000000000001e-07,0
8.5750000000000005e-07,0
8.5799999999999998e-07,0
8.5850000000000002e-07,0
8.5899999999999995e-07,0
8.5949999999999999e-07,0
8.6000000000000002e-07,0
8.6049999999999996e-07,0
8.6099999999999999e-07,0
8.6150000000000003e-07,0
8.6199999999999996e-07,0
8.625e-07,0
8.6300000000000004e-07,0
8.6349999999999997e-07,0
8.6400000000000001e-07,0
8.6450000000000005e-07,0
8.6499999999999998e-07,0
8.6550000000000001e-07,0
8.6600000000000005e-07,0
8.6649999999999998e-07,0
8.6700000000000002e-07,0
8.6749999999999995e-07,0
8.6799999999999999e-07,0
8.6850000000000003e-07,0
8.6899999999999996e-07,0
8.695e-07,0
8.7000000000000003e-07,0
8.7049999999999997e-07,0
8.71e-07,0
8.7150000000000004e-07,0
8.7199999999999997e-07,0
8.7250000000000001e-07,0
8.7300000000000005e-07,0
8.7349999999999998e-07,0
8.7400000000000002e-07,0
8.7449999999999995e-07,0
8.7499999999999999e-07,0
8.7550000000000002e-07,0
8.7599999999999996e-07,0
8.7649999999999999e-07,0
8.7700000000000003e-07,0
8.7749999999999996e-07,0
8.78e-07,0
8.7850000000000004e-07,0
8.7899999999999997e-07,0
8.7950000000000001e-07,0
8.8000000000000004e-07,0
8.8049999999999998e-07,0
8.8100000000000001e-07,0
8.8150000000000005e-07,0
8.8199999999999998e-07,0
8.8250000000000002e-07,0
8.8299999999999995e-07,0
8.8349999999999999e-07,0
8.8400000000000003e-07,0
8.8449999999999996e-07,0
8.85e-07,0
8.8550000000000003e-07,0
8.8599999999999997e-07,0
8.865e-07,0
8.8700000000000004e-07,0
8.8749999999999997e-07,0
8.8800000000000001e-07,0
8.8850000000000005e-07,0
8.8899999999999998e-07,0
8.8950000000000002e-07,0
8.8999999999999995e-07,0
8.9049999999999999e-07,0
8.9100000000000002e-07,0
8.9149999999999996e-07,0
8.9199999999999999e-07,0
8.9250000000000003e-07,0
8.9299999999999996e-07,0
8.935e-07,0
8.9400000000000004e-07,0
8.9449999999999997e-07,0
8.9500000000000001e-07,0
8.9550000000000004e-07,0
8.9599999999999998e-07,0
8.9650000000000001e-07,0
8.9700000000000005e-07,0
8.9749999999999998e-07,0
8.9800000000000002e-07,0
8.9849999999999995e-07,0
8.9899999999999999e-07,0
8.9950000000000003e-07,0
8.9999999999999996e-07,0
9.005e-07,0
9.0100000000000003e-07,0
9.0149999999999997e-07,0
9.02e-07,0
9.0250000000000004e-07,0
9.0299999999999997e-07,0
9.0350000000000001e-07,0
9.0400000000000005e-07,0
9.0449999999999998e-07,0
9.0500000000000002e-07,0
9.0549999999999995e-07,0
9.0599999999999999e-07,0
9.0650000000000002e-07,0
9.0699999999999996e-07,0
9.0749999999999999e-07,0
9.0800000000000003e-07,0
9.0849999999999996e-07,0
9.09e-07,0
9.0950000000000004e-07,0
9.0999999999999997e-07,0
9.1050000000000001e-07,0
9.1100000000000004e-07,0
9.1149999999999998e-07,0
9.1200000000000001e-07,0
9.1250000000000005e-07,0
9.1299999999999998e-07,0
9.1350000000000002e-07,0
9.1399999999999995e-07,0
9.1449999999999999e-07,0
9.1500000000000003e-07,0
9.1549999999999996e-07,0
9.16e-07,0
9.1650000000000003e-07,0
9.1699999999999997e-07,0
9.175e-07,0
9.1800000000000004e-07,0
9.1849999999999997e-07,0
9.1900000000000001e-07,0
9.1950000000000005e-07,0
9.1999999999999998e-07,0
9.2050000000000002e-07,0
9.2099999999999995e-07,0
9.2149999999999999e-07,0
9.2200000000000002e-07,0
9.2249999999999996e-07,0
9.2299999999999999e-07,0
9.2350000000000003e-07,0
9.2399999999999996e-07,0
9.245e-07,0
9.2500000000000004e-07,0
9.2549999999999997e-07,0
9.2600000000000001e-07,0
9.2650000000000004e-07,0
9.2699999999999998e-07,0
9.2750000000000001e-07,0
9.2800000000000005e-07,0
9.2849999999999998e-07,0
9.2900000000000002e-07,0
9.2949999999999995e-07,0
9.2999999999999999e-07,0
9.3050000000000003e-07,0
9.3099999999999996e-07,0
9.315e-07,0
9.3200000000000003e-07,0
9.3249999999999997e-07,0
9.33e-07,0
9.3350000000000004e-07,0
9.3399999999999997e-07,0
9.3450000000000001e-07,0
9.3500000000000005e-07,0
9.3549999999999998e-07,0
9.3600000000000002e-07,0
9.3649999999999995e-07,0
9.3699999999999999e-07,0
9.3750000000000002e-07,0
9.3799999999999996e-07,0
9.3849999999999999e-07,0
9.3900000000000003e-07,0
9.3949999999999996e-07,0
9.4e-07,0
9.4050000000000004e-07,0
9.4099999999999997e-07,0
9.4150000000000001e-07,0
9.4200000000000004e-07,0
9.4249999999999998e-07,0
9.4300000000000001e-07,0
9.4350000000000005e-07,0
9.4399999999999998e-07,0
9.4450000000000002e-07,0
9.4499999999999995e-07,0
9.4549999999999999e-07,0
9.4600000000000003e-07,0
9.4649999999999996e-07,0
9.47e-07,0
9.4750000000000003e-07,0
9.4799999999999997e-07,0
9.485e-07,0
9.4900000000000004e-07,0
9.4949999999999997e-07,0
9.5000000000000001e-07,0
9.5050000000000005e-07,0
9.5099999999999998e-07,0
9.5150000000000002e-07,0
9.5199999999999995e-07,0
9.5249999999999999e-07,0
9.5300000000000002e-07,0
9.5349999999999996e-07,0
9.540000000000001e-07,0
9.5449999999999992e-07,0
9.5499999999999996e-07,0
9.555e-07,0
9.5600000000000004e-07,0
9.5650000000000007e-07,0
9.569999999999999e-07,0
9.5749999999999994e-07,0
9.5799999999999998e-07,0
9.5850000000000001e-07,0
9.5900000000000005e-07,0
9.5950000000000009e-07,0
9.5999999999999991e-07,0
9.6049999999999995e-07,0
9.6099999999999999e-07,0
9.6150000000000003e-07,0
9.6200000000000006e-07,0
9.625000000000001e-07,0
9.6299999999999993e-07,0
9.6349999999999997e-07,0
9.64e-07,0
9.6450000000000004e-07,0
9.6500000000000008e-07,0
9.654999999999999e-07,0
9.6599999999999994e-07,0
9.6649999999999998e-07,0
9.6700000000000002e-07,0
9.6750000000000005e-07,0
9.6800000000000009e-07,0
9.6849999999999992e-07,0
9.6899999999999996e-07,0
9.6949999999999999e-07,0
9.7000000000000003e-07,0
9.7050000000000007e-07,0
9.7100000000000011e-07,0
9.7149999999999993e-07,0
9.7199999999999997e-07,0
9.7250000000000001e-07,0
9.7300000000000004e-07,0
9.7350000000000008e-07,0
9.7399999999999991e-07,0
9.7449999999999994e-07,0
9.7499999999999998e-07,0
9.7550000000000002e-07,0
9.7600000000000006e-07,0
9.765000000000001e-07,0
9.7699999999999992e-07,0
9.7749999999999996e-07,0
9.78e-07,0
9.7850000000000003e-07,0
9.7900000000000007e-07,0
9.794999999999999e-07,0
9.7999999999999993e-07,0
9.8049999999999997e-07,0
9.8100000000000001e-07,0
9.8150000000000005e-07,0
9.8200000000000008e-07,0
9.8249999999999991e-07,0
9.8299999999999995e-07,0
9.8349999999999999e-07,0
9.8400000000000002e-07,0
9.8450000000000006e-07,0
9.850000000000001e-07,0
9.8549999999999992e-07,0
9.8599999999999996e-07,0
9.865e-07,0
9.8700000000000004e-07,0
9.8750000000000007e-07,0
9.879999999999999e-07,0
9.8849999999999994e-07,0
9.8899999999999998e-07,0
9.8950000000000001e-07,0
9.9000000000000005e-07,0
9.9050000000000009e-07,0
9.9099999999999991e-07,0
9.9149999999999995e-07,0
9.9199999999999999e-07,0
9.9250000000000003e-07,0
9.9300000000000006e-07,0
9.935000000000001e-07,0
9.9399999999999993e-07,0
9.9449999999999997e-07,0
9.95e-07,0
9.9550000000000004e-07,0
9.9600000000000008e-07,0
9.964999999999999e-07,0
9.9699999999999994e-07,0
9.9749999999999998e-07,0
9.9800000000000002e-07,0
9.9850000000000005e-07,0
9.9900000000000009e-07,0
9.9949999999999992e-07,0
9.9999999999999995e-07,0
1.0005e-06,0
1.001e-06,0
1.0015000000000001e-06,0
1.0020000000000001e-06,0
1.0024999999999999e-06,0
1.003e-06,0
1.0035e-06,0
1.004e-06,0
1.0045000000000001e-06,0
1.0049999999999999e-06,0
1.0054999999999999e-06,0
1.006e-06,0
1.0065e-06,0
1.0070000000000001e-06,0
1.0075000000000001e-06,0
1.0079999999999999e-06,0
1.0085e-06,0
1.009e-06,0
1.0095e-06,0
1.0100000000000001e-06,0
1.0104999999999999e-06,0
1.0109999999999999e-06,0
1.0115e-06,0
1.012e-06,0
1.0125e-06,0
1.0130000000000001e-06,0
1.0134999999999999e-06,0
1.0139999999999999e-06,0
1.0145e-06,0
1.015e-06,0
1.0155000000000001e-06,0
1.0160000000000001e-06,0
1.0164999999999999e-06,0
1.017e-06,0
1.0175e-06,0
1.018e-06,0
1.0185000000000001e-06,0
1.0189999999999999e-06,0
1.0194999999999999e-06,0
1.02e-06,0
1.0205e-06,0
1.0210000000000001e-06,0
1.0215000000000001e-06,0
1.0219999999999999e-06,0
1.0225e-06,0
1.023e-06,0
1.0235e-06,0
